repo,source_paper_title,doi,stratum,language,packaged,install_decay_outcome,reason
ASaiM/framework,ASaiM: a Galaxy-based framework to analyze microbiota data.,10.1093/gigascience/giy057,genomics,python,no,N/A (not a package),no_install_manifest
AlexandrovLab/SigProfilerSimulator,Generating realistic null hypothesis of cancer mutational landscapes using SigProfilerSimulator.,10.1186/s12859-020-03772-3,bioinformatics-methods,python,yes,installs,example_exit_124
AllenInstitute/BarWare-pipeline,BarWare: efficient software tools for barcoded single-cell genomics.,10.1186/s12859-022-04620-2,bioinformatics-methods,python,no,N/A (not a package),no_install_manifest
AnacletoLAB/parSMURF,"parSMURF, a high-performance computing tool for the genome-wide detection of pathogenic variants.",10.1093/gigascience/giaa052,genomics,python,no,N/A (not a package),no_install_manifest
B-UMMI/LMAS,LMAS: evaluating metagenomic short de novo assembly methods through defined communities.,10.1093/gigascience/giac122,genomics,python,no,N/A (not a package),no_install_manifest
BGI-Qingdao/SLR-superscaffolder,SLR-superscaffolder: a de novo scaffolding tool for synthetic long reads using a top-to-bottom scheme.,10.1186/s12859-021-04081-z,bioinformatics-methods,python,no,N/A (not a package),no_install_manifest
BGI-Qingdao/TGS-GapCloser,TGS-GapCloser: A fast and accurate gap closer for large genomes with low coverage of error-prone long reads.,10.1093/gigascience/giaa094,genomics,python,no,N/A (not a package),no_install_manifest
BIMIB-DISCo/J-Space.jl,J-SPACE: a Julia package for the simulation of spatial models of cancer evolution and of sequencing experiments.,10.1186/s12859-022-04779-8,bioinformatics-methods,python,no,N/A (not a package),no_install_manifest
BTheDragonMaster/pikachu,PIKAChU: a Python-based informatics kit for analysing chemical units.,10.1186/s13321-022-00616-5,cheminformatics,python,yes,installs,example_exit_1
BieseckerLab/SomatoSim,SomatoSim: precision simulation of somatic single nucleotide variants.,10.1186/s12859-021-04024-8,bioinformatics-methods,python,yes,install-decay (fails),pip_requirements_failed
BioGeneTools/GOTrapper,GOTrapper: a tool to navigate through branches of gene ontology hierarchy.,10.1186/s12859-018-2581-8,bioinformatics-methods,python,no,N/A (not a package),no_install_manifest
BioinfoUNIBA/REDItools2,HPC-REDItools: a novel HPC-aware tool for improved large scale RNA-editing analysis.,10.1186/s12859-020-03562-x,bioinformatics-methods,python,yes,install-decay (fails),pip_requirements_failed
Bishop-Laboratory/correlationAnalyzeR,Correlation AnalyzeR: functional predictions from gene co-expression correlations.,10.1186/s12859-021-04130-7,bioinformatics-methods,r,yes,install-decay (fails),R_install_failed
BoevaLab/CHIPIN,CHIPIN: ChIP-seq inter-sample normalization based on signal invariance across transcriptionally constant genes.,10.1186/s12859-021-04320-3,bioinformatics-methods,r,yes,install-decay (fails),R_install_failed
Boyle-Lab/SEMplMe,SEMplMe: a tool for integrating DNA methylation effects in transcription factor binding affinity predictions.,10.1186/s12859-022-04865-x,bioinformatics-methods,python,no,N/A (not a package),no_install_manifest
CBIGR/SUBATOMIC,SUBATOMIC: a SUbgraph BAsed mulTi-OMIcs clustering framework to analyze integrated multi-edge networks.,10.1186/s12859-022-04908-3,bioinformatics-methods,python,no,N/A (not a package),no_install_manifest
CSi-Studio/Aird-SDK,Aird: a computation-oriented mass spectrometry data format enables a higher compression ratio and less decoding time.,10.1186/s12859-021-04490-0,bioinformatics-methods,python,no,N/A (not a package),no_install_manifest
DataIntellSystLab/motif_prob,Fast and exact quantification of motif occurrences in biological sequences.,10.1186/s12859-021-04355-6,bioinformatics-methods,python,no,N/A (not a package),no_install_manifest
DatabaseGroup/DeSignate,DeSignate: detecting signature characters in gene sequence alignments for taxon diagnoses.,10.1186/s12859-020-3498-6,bioinformatics-methods,python,yes,installs,example_exit_1
Deyneko/RNAdeNoise,Modeling and cleaning RNA-seq data significantly improve detection of differentially expressed genes.,10.1186/s12859-022-05023-z,bioinformatics-methods,r,no,N/A (not a package),no_install_manifest
ElenaRojano/DomFun,Assigning protein function from domain-function associations using DomFun.,10.1186/s12859-022-04565-6,bioinformatics-methods,python,no,N/A (not a package),no_install_manifest
EpistasisLab/tpot,Embedding covariate adjustments in tree-based automated machine learning for biomedical big data analyses.,10.1186/s12859-020-03755-4,bioinformatics-methods,python,yes,install-decay (fails),pip_install_failed
FunctionalUrology/SpheroScan,SpheroScan: a user-friendly deep learning tool for spheroid image analysis.,10.1093/gigascience/giad082,genomics,python,yes,install-decay (fails),pip_requirements_failed
GIST-CSBL/DeSIDE-DDI,DeSIDE-DDI: interpretable prediction of drug-drug interactions using drug-induced gene expressions.,10.1186/s13321-022-00589-5,cheminformatics,python,no,N/A (not a package),no_install_manifest
GIST-CSBL/HoTS,Sequence-based prediction of protein binding regions and drug-target interactions.,10.1186/s13321-022-00584-w,cheminformatics,python,yes,install-decay (fails),conda_env_failed
GaoLabXDU/CeNetOmnibus,CeNet Omnibus: an R/Shiny application to the construction and analysis of competing endogenous RNA network.,10.1186/s12859-021-04012-y,bioinformatics-methods,r,yes,install-decay (fails),R_install_failed
GonghuaLi/FastMM,FastMM: an efficient toolbox for personalized constraint-based metabolic modeling.,10.1186/s12859-020-3410-4,bioinformatics-methods,python,no,N/A (not a package),no_install_manifest
Greco-Lab/CpGmotifs,CpGmotifs: a tool to discover DNA motifs associated to CpG methylation events.,10.1186/s12859-021-04191-8,bioinformatics-methods,r,no,N/A (not a package),no_install_manifest
Guannan-Wang/GOMCL,"GOMCL: a toolkit to cluster, evaluate, and extract non-redundant associations of Gene Ontology-based functions.",10.1186/s12859-020-3447-4,bioinformatics-methods,python,no,N/A (not a package),no_install_manifest
GuoliangLi-HZAU/BatMeth2,An integrated package for bisulfite DNA methylation data analysis with Indel-sensitive mapping.,10.1186/s12859-018-2593-4,bioinformatics-methods,python,no,N/A (not a package),no_install_manifest
HUST-NingKang-Lab/Meta-Prism-2.0,"Meta-Prism 2.0: Enabling algorithm and web server for ultra-fast, memory-efficient, and accurate analysis among millions of microbial community samples.",10.1093/gigascience/giac073,genomics,python,no,N/A (not a package),no_install_manifest
HoseinT/BAMSE,BAMSE: Bayesian model selection for tumor phylogeny inference among multiple samples.,10.1186/s12859-019-2824-3,bioinformatics-methods,python,no,N/A (not a package),no_install_manifest
IARCbioinfo/PVAmpliconFinder,PVAmpliconFinder: a workflow for the identification of human papillomaviruses from high-throughput amplicon sequencing.,10.1186/s12859-020-03573-8,bioinformatics-methods,python,no,N/A (not a package),no_install_manifest
IGBB/keanu,Keanu: a novel visualization tool to explore biodiversity in metagenomes.,10.1186/s12859-019-2629-4,bioinformatics-methods,python,no,N/A (not a package),no_install_manifest
ISUgenomics/SequelTools,SequelTools: a suite of tools for working with PacBio Sequel raw sequence data.,10.1186/s12859-020-03751-8,bioinformatics-methods,python,no,N/A (not a package),no_install_manifest
ITBE-Lab/seed-evaluation,A performant bridge between fixed-size and variable-size seeding.,10.1186/s12859-020-03642-y,bioinformatics-methods,python,no,N/A (not a package),no_install_manifest
IrinaVKuznetsova/CirGO,CirGO: an alternative circular way of visualising gene ontology terms.,10.1186/s12859-019-2671-2,bioinformatics-methods,python,no,N/A (not a package),no_install_manifest
JiekaiLab/scDIOR,scDIOR: single cell RNA-seq data IO software.,10.1186/s12859-021-04528-3,bioinformatics-methods,python,no,N/A (not a package),no_install_manifest
JingXieMIZZOU/BLMRM,Modeling allele-specific expression at the gene and SNP levels simultaneously by a Bayesian logistic mixed regression model.,10.1186/s12859-019-3141-6,bioinformatics-methods,r,yes,install-decay (fails),R_install_failed
JupitersMight/DI2,DI2: prior-free and multi-item discretization of biological data and its applications.,10.1186/s12859-021-04329-8,bioinformatics-methods,python,yes,installs,example_exit_1
KHP-Informatics/DNAscan,"DNAscan: personal computer compatible NGS analysis, annotation and visualisation.",10.1186/s12859-019-2791-8,bioinformatics-methods,python,no,N/A (not a package),no_install_manifest
KanduriC/simAIRR,simAIRR: simulation of adaptive immune repertoires with realistic receptor sequence sharing for benchmarking of immune state prediction methods.,10.1093/gigascience/giad074,genomics,python,yes,installs,imports_only
KlinkeLab/ImmClass2019,An elastic-net logistic regression approach to generate classifiers and gene signatures for types of immune cells and T helper cell subsets.,10.1186/s12859-019-2994-z,bioinformatics-methods,r,no,N/A (not a package),no_install_manifest
KoenigLabNM/MIPRIP,Modelling TERT regulation across 19 different cancer types based on the MIPRIP 2.0 gene regulatory network approach.,10.1186/s12859-019-3323-2,bioinformatics-methods,python,no,N/A (not a package),no_install_manifest
LBBSoft/FeatureSelect,FeatureSelect: a software for feature selection based on machine learning approaches.,10.1186/s12859-019-2754-0,bioinformatics-methods,python,no,N/A (not a package),no_install_manifest
Lcornet/GENERA,The GEN-ERA toolbox: unified and reproducible workflows for research in microbial genomics.,10.1093/gigascience/giad022,genomics,python,no,N/A (not a package),no_install_manifest
LinHuiyi/SIPI,SNPxE: SNP-environment interaction pattern identifier.,10.1186/s12859-021-04326-x,bioinformatics-methods,python,no,N/A (not a package),no_install_manifest
LupienLab/SMURF,SMuRF: a novel tool to identify regulatory elements enriched for somatic point mutations.,10.1186/s12859-018-2501-y,bioinformatics-methods,r,no,N/A (not a package),no_install_manifest
Lyn-666/anti_CRISPR,PreAcrs: a machine learning framework for identifying anti-CRISPR proteins.,10.1186/s12859-022-04986-3,bioinformatics-methods,python,no,N/A (not a package),no_install_manifest
MSeidelFed/COSNet_i,COSNet i : ComplexOme-Structural Network Interpreter used to study spatial enrichment in metazoan ribosomes.,10.1186/s12859-021-04510-z,bioinformatics-methods,python,yes,inconclusive (timeout/error),"command failed (exit 124): ['/usr/local/bin/docker', 'run', '-d', '--platform', "
MW55/Natrix,"Natrix: a Snakemake-based workflow for processing, clustering, and taxonomically assigning amplicon sequencing reads.",10.1186/s12859-020-03852-4,bioinformatics-methods,python,no,N/A (not a package),no_install_manifest
MaHaoran627/CNN_Virus,A multi-task CNN learning model for taxonomic assignment of human viruses.,10.1186/s12859-021-04084-w,bioinformatics-methods,python,no,N/A (not a package),no_install_manifest
MathOnco/NeoPredPipe,NeoPredPipe: high-throughput neoantigen prediction and recognition potential pipeline.,10.1186/s12859-019-2876-4,bioinformatics-methods,python,no,N/A (not a package),no_install_manifest
MolecularAI/aizynthfinder,"AiZynthFinder: a fast, robust and flexible open-source software for retrosynthetic planning.",10.1186/s13321-020-00472-1,cheminformatics,python,yes,install-decay (fails),pip_install_failed
MoreiraLAB/DrugTax,DrugTax: package for drug taxonomy identification and explainable feature extraction.,10.1186/s13321-022-00649-w,cheminformatics,python,yes,install-decay (fails),pip_install_failed
NBISweden/GenErode,GenErode: a bioinformatics pipeline to investigate genome erosion in endangered and extinct species.,10.1186/s12859-022-04757-0,bioinformatics-methods,python,yes,installs,example_exit_1
NWPU-903PR/PDGPCS,Prioritization of cancer driver gene with prize-collecting steiner tree by introducing an edge weighted strategy in the personalized gene interaction network.,10.1186/s12859-022-04802-y,bioinformatics-methods,python,no,N/A (not a package),no_install_manifest
NuttyLogic/BSBolt,BiSulfite Bolt: A bisulfite sequencing analysis platform.,10.1093/gigascience/giab033,genomics,python,yes,installs,example_exit_1
OSS-Lab/ChemChaste,ChemChaste: Simulating spatially inhomogeneous biochemical reaction-diffusion systems for modeling cell-environment feedbacks.,10.1093/gigascience/giac051,genomics,python,no,N/A (not a package),no_install_manifest
OluwadareLab/EnsembleSplice,EnsembleSplice: ensemble deep learning model for splice site prediction.,10.1186/s12859-022-04971-w,bioinformatics-methods,python,yes,install-decay (fails),pip_requirements_failed
OpenGene/MutScan,MutScan: fast detection and visualization of target mutations by scanning FASTQ data.,10.1186/s12859-018-2024-6,bioinformatics-methods,python,no,N/A (not a package),no_install_manifest
PGB-LIV/VAPPER,VAPPER: High-throughput variant antigen profiling in African trypanosomes of livestock.,10.1093/gigascience/giz091,genomics,python,yes,installs,example_exit_1
PapenfussLab/bionix,"Unifying package managers, workflow engines, and containers: Computational reproducibility with BioNix.",10.1093/gigascience/giaa121,genomics,python,no,N/A (not a package),no_install_manifest
PeeperLab/XenofilteR,XenofilteR: computational deconvolution of mouse and human reads in tumor xenograft sequence data.,10.1186/s12859-018-2353-5,bioinformatics-methods,python,yes,install-decay (fails),R_install_failed
RodolfoAllendes/cline,CLINE: a web-tool for the comparison of biological dendrogram structures.,10.1186/s12859-019-3149-y,bioinformatics-methods,python,no,N/A (not a package),no_install_manifest
Rostlab/LocNuclei,Detailed prediction of protein sub-nuclear localization.,10.1186/s12859-019-2790-9,bioinformatics-methods,python,yes,inconclusive (timeout/error),hard_cap
Sandalmoth/ratrack,Inferring time-dependent population growth rates in cell cultures undergoing adaptation.,10.1186/s12859-020-03887-7,bioinformatics-methods,python,yes,installs,example_exit_1
SchulzLab/Triangulate,Prediction of single-cell gene expression for transcription factor analysis.,10.1093/gigascience/giaa113,genomics,r,no,N/A (not a package),no_install_manifest
ShaokunAn/D-EE,D-EE: Distributed software for visualizing intrinsic structure of large-scale single-cell data.,10.1093/gigascience/giaa126,genomics,python,no,N/A (not a package),no_install_manifest
ShengquanChen/VPAC,VPAC: Variational projection for accurate clustering of single-cell transcriptomic data.,10.1186/s12859-019-2742-4,bioinformatics-methods,python,no,N/A (not a package),no_install_manifest
ShihChingYu/CLIN_SKAT,CLIN_SKAT: an R package to conduct association analysis using functionally relevant variants.,10.1186/s12859-022-04987-2,bioinformatics-methods,r,yes,install-decay (fails),R_install_failed
ShihChingYu/TransAT,Transcript annotation tool (TransAT): an R package for retrieving annotations for transcript-specific genetic variants.,10.1186/s12859-021-04243-z,bioinformatics-methods,r,yes,install-decay (fails),R_install_failed
ShirleyWISiu/LigTMap,LigTMap: ligand and structure-based target identification and activity prediction for small molecular compounds.,10.1186/s13321-021-00523-1,cheminformatics,python,no,N/A (not a package),no_install_manifest
SoNishiyama/IP-SIMPAT,Integer programming for selecting set of informative markers in paternity inference.,10.1186/s12859-022-04801-z,bioinformatics-methods,python,no,N/A (not a package),no_install_manifest
SydneyBioX/scdney,scDC: single cell differential composition analysis.,10.1186/s12859-019-3211-9,bioinformatics-methods,python,no,N/A (not a package),no_install_manifest
TUS-Satolab/PROP,P*R*O*P: a web application to perform phylogenetic analysis considering the effect of gaps.,10.1186/s12859-021-03978-z,bioinformatics-methods,python,yes,inconclusive (timeout/error),"command failed (exit 125): ['/usr/local/bin/docker', 'run', '-d', '--platform', "
TrangDinh44/ABAG_BioBERT,Extract antibody and antigen names from biomedical literature.,10.1186/s12859-022-04993-4,bioinformatics-methods,python,yes,installs,example_exit_1
Transilico/MolData,"MolData, a molecular benchmark for disease and target based machine learning.",10.1186/s13321-022-00590-y,cheminformatics,python,no,N/A (not a package),no_install_manifest
UCDenver-ccp/Concept-Recognition-as-Translation,Concept recognition as a machine translation problem.,10.1186/s12859-021-04141-4,bioinformatics-methods,python,no,N/A (not a package),no_install_manifest
UnixJunkie/FASMIFRA,Molecular generation by Fast Assembly of (Deep)SMILES fragments.,10.1186/s13321-021-00566-4,cheminformatics,python,no,N/A (not a package),no_install_manifest
WangLabTHU/DeSP,DeSP: a systematic DNA storage error simulation pipeline.,10.1186/s12859-022-04723-w,bioinformatics-methods,python,yes,install-decay (fails),pip_requirements_failed
Wen-YiYu/BEXCIS,BEXCIS: Bayesian methods for estimating the degree of the skewness of X chromosome inactivation.,10.1186/s12859-022-04721-y,bioinformatics-methods,r,no,N/A (not a package),no_install_manifest
YangLiuLab/Super-Resolution-Nuclei-Segmentation,Application of convolutional neural networks towards nuclei segmentation in localization-based super-resolution fluorescence microscopy images.,10.1186/s12859-021-04245-x,bioinformatics-methods,python,no,N/A (not a package),no_install_manifest
aLiehrmann/CROCS,Increased peak detection accuracy in over-dispersed ChIP-seq data with supervised segmentation models.,10.1186/s12859-021-04221-5,bioinformatics-methods,r,yes,installs,imports_only
abikoushi/Bermuda,A latent allocation model for the analysis of microbial composition and disease.,10.1186/s12859-018-2530-6,bioinformatics-methods,python,yes,install-decay (fails),R_install_failed
abikoushi/lambda,Model-based clustering for flow and mass cytometry data with clinical information.,10.1186/s12859-020-03671-7,bioinformatics-methods,python,yes,install-decay (fails),R_install_failed
abs-tudelft/variant-calling-at-scale,VC@Scale: Scalable and high-performance variant calling on cluster environments.,10.1093/gigascience/giab057,genomics,python,no,N/A (not a package),no_install_manifest
abyzovlab/CNVpytor,CNVpytor: a tool for copy number variation detection and analysis from read depth and allele imbalance in whole-genome sequencing.,10.1093/gigascience/giab074,genomics,python,yes,installs,example_exit_1
acg-team/ProPIP,Progressive multiple sequence alignment with indel evolution.,10.1186/s12859-018-2357-1,bioinformatics-methods,python,no,N/A (not a package),no_install_manifest
adelenelai/onglai-classify-homologues,An algorithm to classify homologous series within compound datasets.,10.1186/s13321-022-00663-y,cheminformatics,python,yes,installs,example_exit_1
ahsv/RankCorr,A rank-based marker selection method for high throughput scRNA-seq data.,10.1186/s12859-020-03641-z,bioinformatics-methods,python,no,N/A (not a package),no_install_manifest
alexcis95/PhenoExam,PhenoExam: gene set analyses through integration of different phenotype databases.,10.1186/s12859-022-05122-x,bioinformatics-methods,r,yes,install-decay (fails),R_install_failed
alexiaales/SpotitPy,SpotitPy: a semi-automated tool for object-based co-localization of fluorescent labels in microscopy images.,10.1186/s12859-022-04988-1,bioinformatics-methods,python,no,N/A (not a package),no_install_manifest
alexmascension/triku,Triku: a feature selection method based on nearest neighbors for single-cell data.,10.1093/gigascience/giac017,genomics,python,yes,installs,imports_only
andrea-tango/GenHap,GenHap: a novel computational method based on genetic algorithms for haplotype assembly.,10.1186/s12859-019-2691-y,bioinformatics-methods,python,no,N/A (not a package),no_install_manifest
anna-pa-m/adabmDCA,adabmDCA: adaptive Boltzmann machine learning for biological sequences.,10.1186/s12859-021-04441-9,bioinformatics-methods,python,no,N/A (not a package),no_install_manifest
anuprulez/galaxy_tool_recommendation,Tool recommender system in Galaxy using deep learning.,10.1093/gigascience/giaa152,genomics,python,yes,installs,imports_only
aomlomics/tourmaline,Tourmaline: A containerized workflow for rapid and iterable amplicon sequence analysis using QIIME 2 and Snakemake.,10.1093/gigascience/giac066,genomics,python,no,N/A (not a package),no_install_manifest
arnaudmgh/synergy-screen,Statistical assessment and visualization of synergies for large-scale sparse drug combination datasets.,10.1186/s12859-019-2642-7,bioinformatics-methods,python,no,N/A (not a package),no_install_manifest
asoltis/MutEnricher,MutEnricher: a flexible toolset for somatic mutation enrichment analysis of tumor whole genomes.,10.1186/s12859-020-03695-z,bioinformatics-methods,python,no,N/A (not a package),no_install_manifest
bcbi/SolrPlantAPI,Solr-Plant: efficient extraction of plant names from text.,10.1186/s12859-019-2874-6,bioinformatics-methods,python,no,N/A (not a package),no_install_manifest
betsig/how_are_we_stranded_here,how_are_we_stranded_here: quick determination of RNA-Seq strandedness.,10.1186/s12859-022-04572-7,bioinformatics-methods,python,yes,install-decay (fails),pip_requirements_failed
bigchem/transformer-cnn,Transformer-CNN: Swiss knife for QSAR modeling and interpretation.,10.1186/s13321-020-00423-w,cheminformatics,python,no,N/A (not a package),no_install_manifest
bihealth/sodar-server,SODAR: managing multiomics study data and metadata.,10.1093/gigascience/giad052,genomics,python,yes,install-decay (fails),pip_requirements_failed
bionitio-team/bionitio,Bionitio: demonstrating and facilitating best practices for bioinformatics command-line software.,10.1093/gigascience/giz109,genomics,python,no,N/A (not a package),no_install_manifest
bioperl/p5-bpwrapper,BpWrapper: BioPerl-based sequence and tree utilities for rapid prototyping of bioinformatics pipelines.,10.1186/s12859-018-2074-9,bioinformatics-methods,python,no,N/A (not a package),no_install_manifest
bioxsjtu/VariFAST,VariFAST: a variant filter by automated scoring based on tagged-signatures.,10.1186/s12859-019-3226-2,bioinformatics-methods,python,no,N/A (not a package),no_install_manifest
bjornbredesen/MOCCA,MOCCA: a flexible suite for modelling DNA sequence motif occurrence combinatorics.,10.1186/s12859-021-04143-2,bioinformatics-methods,python,no,N/A (not a package),no_install_manifest
borenstein-lab/MetaLAFFA,"MetaLAFFA: a flexible, end-to-end, distributed computing-compatible metagenomic functional annotation pipeline.",10.1186/s12859-020-03815-9,bioinformatics-methods,python,no,N/A (not a package),no_install_manifest
broadinstitute/keras-rcnn,Keras R-CNN: library for cell detection in biological images using deep neural networks.,10.1186/s12859-020-03635-x,bioinformatics-methods,python,yes,installs,imports_only
camoragaq/BrumiR,BrumiR: A toolkit for de novo discovery of microRNAs from sRNA-seq data.,10.1093/gigascience/giac093,genomics,python,no,N/A (not a package),no_install_manifest
cfarkas/annotate_my_genomes,annotate_my_genomes: an easy-to-use pipeline to improve genome annotation and uncover neglected genes by hybrid RNA sequencing.,10.1093/gigascience/giac099,genomics,python,yes,install-decay (fails),conda_env_failed
changlabtw/hicmaptools,HiCmapTools: a tool to access HiC contact maps.,10.1186/s12859-022-04589-y,bioinformatics-methods,python,no,N/A (not a package),no_install_manifest
chemosim-lab/ProLIF,ProLIF: a library to encode molecular interactions as fingerprints.,10.1186/s13321-021-00548-6,cheminformatics,python,yes,installs,example_exit_1
chjiao/VirBin,A binning tool to reconstruct viral haplotypes from assembled contigs.,10.1186/s12859-019-3138-1,bioinformatics-methods,python,no,N/A (not a package),no_install_manifest
clicumu/doepipeline,doepipeline: a systematic approach to optimizing multi-level and multi-step data processing workflows.,10.1186/s12859-019-3091-z,bioinformatics-methods,python,yes,install-decay (fails),pip_requirements_failed
cnickh/wgdtree,WGDTree: a phylogenetic software tool to examine conditional probabilities of retention following whole genome duplication events.,10.1186/s12859-022-05042-w,bioinformatics-methods,python,yes,installs,example_exit_1
constantino-garcia/cmmrt,Probabilistic metabolite annotation using retention time prediction and meta-learned projections.,10.1186/s13321-022-00613-8,cheminformatics,python,yes,install-decay (fails),pip_requirements_failed
crimBubble/ECCsplorer,ECCsplorer: a pipeline to detect extrachromosomal circular DNA (eccDNA) from next-generation sequencing data.,10.1186/s12859-021-04545-2,bioinformatics-methods,python,yes,install-decay (fails),conda_env_failed
ctlab/GADMA,GADMA: Genetic algorithm for inferring demographic history of multiple populations from allele frequency spectrum data.,10.1093/gigascience/giaa005,genomics,python,yes,install-decay (fails),pip_install_failed
developerpiru/BEAVR,BEAVR: a browser-based tool for the exploration and visualization of RNA-seq data.,10.1186/s12859-020-03549-8,bioinformatics-methods,r,no,N/A (not a package),no_install_manifest
devlaming/mgreml,Multivariate estimation of factor structures of complex traits using SNP-based genomic relationships.,10.1186/s12859-022-04835-3,bioinformatics-methods,python,no,N/A (not a package),no_install_manifest
dkoslicki/TAMPA,TAMPA: interpretable analysis and visualization of metagenomics-based taxon abundance profiles.,10.1093/gigascience/giad008,genomics,python,yes,install-decay (fails),pip_requirements_failed
dongxuemin666/RNA-combine,RNA-combine: a toolkit for comprehensive analyses on transcriptome data from different sequencing platforms.,10.1186/s12859-021-04549-y,bioinformatics-methods,python,yes,inconclusive (timeout/error),hard_cap
dpique/aneuvis,Aneuvis: web-based exploration of numerical chromosomal variation in single cells.,10.1186/s12859-019-2842-1,bioinformatics-methods,r,no,N/A (not a package),no_install_manifest
eMetaboHUB/Forum-LiteraturePropagation,Suggesting disease associations for overlooked metabolites using literature from metabolic neighbors.,10.1093/gigascience/giad065,genomics,python,no,N/A (not a package),no_install_manifest
ebundhoo/TAGOPSIN,TAGOPSIN: collating taxa-specific gene and protein functional and structural information.,10.1186/s12859-021-04429-5,bioinformatics-methods,python,no,N/A (not a package),no_install_manifest
emersON106/m6Acorr,m6Acorr: an online tool for the correction and comparison of m<sup>6</sup>A methylation profiles.,10.1186/s12859-020-3380-6,bioinformatics-methods,python,no,N/A (not a package),no_install_manifest
ezer/NITPicker,NITPicker: selecting time points for follow-up experiments.,10.1186/s12859-019-2717-5,bioinformatics-methods,r,yes,install-decay (fails),R_install_failed
fadilla-wahyudi/finemav,Prioritising positively selected variants in whole-genome sequencing data using FineMAV.,10.1186/s12859-021-04506-9,bioinformatics-methods,python,no,N/A (not a package),no_install_manifest
fkallen/CARE,CARE 2.0: reducing false-positive sequencing error corrections using machine learning.,10.1186/s12859-022-04754-3,bioinformatics-methods,python,no,N/A (not a package),no_install_manifest
frankMusacchia/VarGenius,VarGenius executes cohort-level DNA-seq variant calling and annotation and allows to manage the resulting data through a PostgreSQL database.,10.1186/s12859-018-2532-4,bioinformatics-methods,python,no,N/A (not a package),no_install_manifest
fumi-github/omicwas,Nonlinear ridge regression improves cell-type-specific differential expression analysis.,10.1186/s12859-021-03982-3,bioinformatics-methods,r,yes,installs,imports_only
galadrielbriere/ClustOmics,Consensus clustering applied to multi-omics disease subtyping.,10.1186/s12859-021-04279-1,bioinformatics-methods,r,no,N/A (not a package),no_install_manifest
galaxyproject/dunovo,Family reunion via error correction: an efficient analysis of duplex sequencing data.,10.1186/s12859-020-3419-8,bioinformatics-methods,python,no,N/A (not a package),no_install_manifest
genomicsITER/NanoDJ,NanoDJ: a Dockerized Jupyter notebook for interactive Oxford Nanopore MinION sequence manipulation and genome assembly.,10.1186/s12859-019-2860-z,bioinformatics-methods,python,no,N/A (not a package),no_install_manifest
gerners/tamock,Tamock: simulation of habitat-specific benchmark data in metagenomics.,10.1186/s12859-021-04154-z,bioinformatics-methods,python,no,N/A (not a package),no_install_manifest
gkumar09/iSeqQC,iSeqQC: a tool for expression-based quality control in RNA sequencing.,10.1186/s12859-020-3399-8,bioinformatics-methods,r,no,N/A (not a package),no_install_manifest
gongx030/DrImpute,DrImpute: imputing dropout events in single cell RNA sequencing data.,10.1186/s12859-018-2226-y,bioinformatics-methods,r,yes,installs,imports_only
grisslab/scAnnotatR,scAnnotatR: framework to accurately classify cell types in single-cell RNA-sequencing data.,10.1186/s12859-022-04574-5,bioinformatics-methods,r,yes,install-decay (fails),R_install_failed
gymreklab/chips,A flexible ChIP-sequencing simulation toolkit.,10.1186/s12859-021-04097-5,bioinformatics-methods,python,no,N/A (not a package),no_install_manifest
gzampieri/Scuba,Scuba: scalable kernel-based gene prioritization.,10.1186/s12859-018-2025-5,bioinformatics-methods,python,no,N/A (not a package),no_install_manifest
haddocking/interface-classifier,Distinguishing crystallographic from biological interfaces in protein complexes: role of intermolecular contacts and energetics for classification.,10.1186/s12859-018-2414-9,bioinformatics-methods,python,yes,install-decay (fails),pip_install_failed
harmancilab/SVAT,SVAT: Secure outsourcing of variant annotation and genotype aggregation.,10.1186/s12859-022-04959-6,bioinformatics-methods,python,no,N/A (not a package),no_install_manifest
harvardinformatics/NGmerge,NGmerge: merging paired-end reads via novel empirically-derived models of sequencing errors.,10.1186/s12859-018-2579-2,bioinformatics-methods,python,no,N/A (not a package),no_install_manifest
hasindu2008/f5c,GPU accelerated adaptive banded event alignment for rapid comparative nanopore signal analysis.,10.1186/s12859-020-03697-x,bioinformatics-methods,python,no,N/A (not a package),no_install_manifest
hedingqin/PRMeth,Deconvolution of tumor composition using partially available DNA methylation data.,10.1186/s12859-022-04893-7,bioinformatics-methods,r,no,N/A (not a package),no_install_manifest
hippo-yf/MUREN,MUREN: a robust and multi-reference approach of RNA-seq transcript normalization.,10.1186/s12859-021-04288-0,bioinformatics-methods,r,yes,installs,ran_ok
hitaandrea/MGcount,MGcount: a total RNA-seq quantification tool to address multi-mapping and multi-overlapping alignments ambiguity in non-coding transcripts.,10.1186/s12859-021-04544-3,bioinformatics-methods,r,yes,install-decay (fails),pip_requirements_failed
hsu-binfo/GRAde,GRAde: a long-read sequencing approach to efficiently identifying the CYP11B1/CYP11B2 chimeric form in patients with glucocorticoid-remediable aldosteronism.,10.1186/s12859-022-04561-w,bioinformatics-methods,python,yes,install-decay (fails),conda_env_failed
huynguyen250896/DrGA,DrGA: cancer driver gene analysis in a simpler manner.,10.1186/s12859-022-04606-0,bioinformatics-methods,r,yes,install-decay (fails),R_install_failed
ialbert/biostar-central,"Bioinformatics recipes: creating, executing and distributing reproducible data analysis workflows.",10.1186/s12859-020-03602-6,bioinformatics-methods,python,yes,installs,imports_only
ikmb/gwas-qc,BIGwas: Single-command quality control and association testing for multi-cohort and biobank-scale GWAS/PheWAS data.,10.1093/gigascience/giab047,genomics,python,no,N/A (not a package),no_install_manifest
imbs-hl/MBMDRClassifieR,Empowering individual trait prediction using interactions for precision medicine.,10.1186/s12859-021-04011-z,bioinformatics-methods,python,yes,install-decay (fails),R_install_failed
informationsea/Matataki,Matataki: an ultrafast mRNA quantification method for large-scale reanalysis of RNA-Seq data.,10.1186/s12859-018-2279-y,bioinformatics-methods,python,no,N/A (not a package),no_install_manifest
inzilico/imputeqc,imputeqc: an R package for assessing imputation quality of genotypes and optimizing imputation parameters.,10.1186/s12859-020-03589-0,bioinformatics-methods,r,yes,install-decay (fails),R_install_failed
iprada/Circle-Map,Sensitive detection of circular DNAs at single-nucleotide resolution using guided realignment of partially aligned reads.,10.1186/s12859-019-3160-3,bioinformatics-methods,python,yes,install-decay (fails),pip_install_failed
jadermcg/mfmd,Sequence motif finder using memetic algorithm.,10.1186/s12859-017-2005-1,bioinformatics-methods,python,no,N/A (not a package),no_install_manifest
jae-hyun-lee/commodar,Literature mining for context-specific molecular relations using multimodal representations (COMMODAR).,10.1186/s12859-020-3396-y,bioinformatics-methods,python,no,N/A (not a package),no_install_manifest
janka2012/digIS,digIS: towards detecting distant and putative novel insertion sequence elements in prokaryotic genomes.,10.1186/s12859-021-04177-6,bioinformatics-methods,python,yes,install-decay (fails),pip_requirements_failed
jeffliu6068/GMMchi,GMMchi: gene expression clustering using Gaussian mixture modeling.,10.1186/s12859-022-05006-0,bioinformatics-methods,python,yes,install-decay (fails),pip_install_failed
jengelmann/FastqPuri,FastqPuri: high-performance preprocessing of RNA-seq data.,10.1186/s12859-019-2799-0,bioinformatics-methods,python,no,N/A (not a package),no_install_manifest
jessemzhang/dendrosplit,An interpretable framework for clustering single-cell RNA-Seq datasets.,10.1186/s12859-018-2092-7,bioinformatics-methods,python,yes,installs,example_exit_1
jie108/dagbagM,DAGBagM: learning directed acyclic graphs of mixed variables with an application to identify protein biomarkers for treatment response in ovarian cancer.,10.1186/s12859-022-04864-y,bioinformatics-methods,python,no,N/A (not a package),no_install_manifest
jkimlab/msPIPE,msPIPE: a pipeline for the analysis and visualization of whole-genome bisulfite sequencing data.,10.1186/s12859-022-04925-2,bioinformatics-methods,python,no,N/A (not a package),no_install_manifest
jschellh/ProtSpaM,Prot-SpaM: fast alignment-free phylogeny reconstruction based on whole-proteome sequences.,10.1093/gigascience/giy148,genomics,python,no,N/A (not a package),no_install_manifest
jxu1234/MeDEStrand,MeDEStrand: an improved method to infer genome-wide absolute methylation levels from DNA enrichment data.,10.1186/s12859-018-2574-7,bioinformatics-methods,r,yes,install-decay (fails),R_install_failed
karubiotools/getSequenceInfo,getSequenceInfo: a suite of tools allowing to get genome sequence information from public repositories.,10.1186/s12859-022-04809-5,bioinformatics-methods,python,no,N/A (not a package),no_install_manifest
katrijnvandeun/SPCovR,Obtaining insights from high-dimensional data: sparse principal covariates regression.,10.1186/s12859-018-2114-5,bioinformatics-methods,python,no,N/A (not a package),no_install_manifest
kejia1215/HVSM,An improved approach to infer protein-protein interaction based on a hierarchical vector space model.,10.1186/s12859-018-2152-z,bioinformatics-methods,python,no,N/A (not a package),no_install_manifest
khazum/ccImpute,ccImpute: an accurate and scalable consensus clustering based algorithm to impute dropout events in the single-cell RNA-seq data.,10.1186/s12859-022-04814-8,bioinformatics-methods,r,yes,install-decay (fails),R_install_failed
komorowskilab/R.ROSETTA,R.ROSETTA: an interpretable machine learning framework.,10.1186/s12859-021-04049-z,bioinformatics-methods,r,yes,installs,imports_only
laeeq80/spark-cpvs,Efficient iterative virtual screening with Apache Spark and conformal prediction.,10.1186/s13321-018-0265-z,cheminformatics,python,no,N/A (not a package),no_install_manifest
lanagarmire/lilikoi,Lilikoi: an R package for personalized pathway-based classification modeling using metabolomics data.,10.1093/gigascience/giy136,genomics,python,yes,install-decay (fails),R_install_failed
lasigeBioTM/MER,MER: a shell script and annotation server for minimal named entity recognition and linking.,10.1186/s13321-018-0312-9,cheminformatics,python,no,N/A (not a package),no_install_manifest
lemoncyb/VISPR-online,VISPR-online: a web-based interactive tool to visualize CRISPR screening experiments.,10.1186/s12859-021-04275-5,bioinformatics-methods,python,yes,install-decay (fails),conda_env_failed
lich-uct/syba,SYBA: Bayesian estimation of synthetic accessibility of organic compounds.,10.1186/s13321-020-00439-2,cheminformatics,python,yes,installs,example_exit_1
liudoubletian/eBay,An empirical Bayes approach to normalization and differential abundance testing for microbiome data.,10.1186/s12859-020-03552-z,bioinformatics-methods,r,yes,installs,example_exit_1
lmweber/snp-dmx-cancer,Genetic demultiplexing of pooled single-cell RNA-sequencing samples in cancer facilitates effective experimental design.,10.1093/gigascience/giab062,genomics,python,no,N/A (not a package),no_install_manifest
luojunwei/BreakNet,BreakNet: detecting deletions using long reads and a deep learning approach.,10.1186/s12859-021-04499-5,bioinformatics-methods,python,no,N/A (not a package),no_install_manifest
lvclark/polyRAD,A population-level statistic for assessing Mendelian behavior of genotyping-by-sequencing data from highly duplicated genomes.,10.1186/s12859-022-04635-9,bioinformatics-methods,python,yes,install-decay (fails),R_install_failed
malewins/SEQing,SEQing: web-based visualization of iCLIP and RNA-seq data in an interactive python framework.,10.1186/s12859-020-3434-9,bioinformatics-methods,python,yes,install-decay (fails),pip_requirements_failed
marchiem/breakalign,BreakAlign: a Perl program to align chimaeric (split) genomic NGS reads and allow visual confirmation of novel retroviral integrations.,10.1186/s12859-022-04621-1,bioinformatics-methods,python,no,N/A (not a package),no_install_manifest
marcos-diazg/musica,Mutational Signatures in Cancer (MuSiCa): a web application to implement mutational signatures analysis in cancer samples.,10.1186/s12859-018-2234-y,bioinformatics-methods,r,no,N/A (not a package),no_install_manifest
marouenbg/VFFVA,VFFVA: dynamic load balancing enables large-scale flux variability analysis.,10.1186/s12859-020-03711-2,bioinformatics-methods,python,no,N/A (not a package),no_install_manifest
mathelab/IntLIM,IntLIM: integration using linear models of metabolomics and gene expression data.,10.1186/s12859-018-2085-6,bioinformatics-methods,r,yes,install-decay (fails),R_install_failed
maxiaopeng/dualmarker,Dualmarker: a flexible toolset for exploratory analysis of combinatorial dual biomarkers for clinical efficacy.,10.1186/s12859-021-04050-6,bioinformatics-methods,r,yes,install-decay (fails),R_install_failed
mccoymd/SNP2SIM,SNP2SIM: a modular workflow for standardizing molecular simulation and functional analysis of protein variants.,10.1186/s12859-019-2774-9,bioinformatics-methods,python,yes,inconclusive (timeout/error),no_verdict_parsed
meringlab/og_consistency_pipeline,Tree reconciliation combined with subsampling improves large scale inference of orthologous group hierarchies.,10.1186/s12859-019-2828-z,bioinformatics-methods,python,yes,install-decay (fails),pip_requirements_failed
metagenome-atlas/atlas,"ATLAS: a Snakemake workflow for assembly, annotation, and genomic binning of metagenome sequence data.",10.1186/s12859-020-03585-4,bioinformatics-methods,python,yes,installs,example_exit_1
mhalushka/miRge,miRge 2.0 for comprehensive analysis of microRNA sequencing data.,10.1186/s12859-018-2287-y,bioinformatics-methods,python,yes,install-decay (fails),pip_install_failed
nasqar/NASQAR,NASQAR: a web-based platform for high-throughput sequencing data analysis and visualization.,10.1186/s12859-020-03577-4,bioinformatics-methods,python,no,N/A (not a package),no_install_manifest
nawrockie/vadr,VADR: validation and annotation of virus sequence submissions to GenBank.,10.1186/s12859-020-3537-3,bioinformatics-methods,python,no,N/A (not a package),no_install_manifest
neufeld/AXIOME3,"AXIOME3: Automation, eXtension, and Integration Of Microbial Ecology.",10.1093/gigascience/giab006,genomics,python,no,N/A (not a package),no_install_manifest
nicolaprezza/ebwt2InDel,Variable-order reference-free variant discovery with the Burrows-Wheeler Transform.,10.1186/s12859-020-03586-3,bioinformatics-methods,python,no,N/A (not a package),no_install_manifest
nishithkumarpaul/Rvolcano,Robust volcano plot: identification of differential metabolites in the presence of outliers.,10.1186/s12859-018-2117-2,bioinformatics-methods,r,yes,installs,imports_only
nkiip/IDLP,Prioritizing disease genes with an improved dual label propagation framework.,10.1186/s12859-018-2040-6,bioinformatics-methods,python,no,N/A (not a package),no_install_manifest
npdeloss/meirlop,MEIRLOP: improving score-based motif enrichment by incorporating sequence bias covariates.,10.1186/s12859-020-03739-4,bioinformatics-methods,python,yes,install-decay (fails),pip_install_failed
nrdg/fracridge,"Fractional ridge regression: a fast, interpretable reparameterization of ridge regression.",10.1093/gigascience/giaa133,genomics,python,yes,installs,ran_ok
nyiuab/NBZIMM,"NBZIMM: negative binomial and zero-inflated mixed models, with application to microbiome/metagenomics data analysis.",10.1186/s12859-020-03803-z,bioinformatics-methods,python,yes,install-decay (fails),R_install_failed
obrien-lab/aip_web_docker,RiboA: a web application to identify ribosome A-site locations in ribosome profiling data.,10.1186/s12859-021-04068-w,bioinformatics-methods,python,no,N/A (not a package),no_install_manifest
ocxtal/libgaba,Introducing difference recurrence relations for faster semi-global alignment of long sequences.,10.1186/s12859-018-2014-8,bioinformatics-methods,python,no,N/A (not a package),no_install_manifest
overton-group/eHDPrep,Strategies and techniques for quality control and semantic enrichment with multimodal data: a case study in colorectal cancer with eHDPrep.,10.1093/gigascience/giad030,genomics,r,yes,install-decay (fails),R_install_failed
pdbeurope/pdbecif,PDBeCIF: an open-source mmCIF/CIF parsing and processing package.,10.1186/s12859-021-04271-9,bioinformatics-methods,python,yes,installs,imports_only
philipmorrisintl/NPA,NPA: an R package for computing network perturbation amplitudes using gene expression data and two-layer networks.,10.1186/s12859-019-3016-x,bioinformatics-methods,r,yes,install-decay (fails),R_install_failed
phngs/allestm,AllesTM: predicting multiple structural features of transmembrane proteins.,10.1186/s12859-020-03581-8,bioinformatics-methods,python,yes,install-decay (fails),pip_install_failed
pkhoueiry/fcScan,fcScan: a versatile tool to cluster combinations of sites using genomic coordinates.,10.1186/s12859-020-3536-4,bioinformatics-methods,r,yes,install-decay (fails),R_install_failed
plantdna/amgt-ts,An integrated strategy for target SSR genotyping with toleration of nucleotide variations in the SSRs and flanking regions.,10.1186/s12859-021-04351-w,bioinformatics-methods,python,no,N/A (not a package),no_install_manifest
prabhakarlab/scConsensus,scConsensus: combining supervised and unsupervised clustering for cell type identification in single-cell RNA sequencing data.,10.1186/s12859-021-04028-4,bioinformatics-methods,r,yes,install-decay (fails),R_install_failed
ps4dr/ps4dr,PS4DR: a multimodal workflow for identification and prioritization of drugs based on pathway signatures.,10.1186/s12859-020-03568-5,bioinformatics-methods,python,yes,install-decay (fails),R_install_failed
qhtjrmin/GPrimer,GPrimer: a fast GPU-based pipeline for primer design for qPCR experiments.,10.1186/s12859-021-04133-4,bioinformatics-methods,python,no,N/A (not a package),no_install_manifest
rcs333/VAPiD,VAPiD: a lightweight cross-platform viral annotation pipeline and identification tool to facilitate virus genome submissions to NCBI GenBank.,10.1186/s12859-019-2606-y,bioinformatics-methods,python,no,N/A (not a package),no_install_manifest
replikation/What_the_Phage,What the Phage: a scalable workflow for the identification and analysis of phage sequences.,10.1093/gigascience/giac110,genomics,python,no,N/A (not a package),no_install_manifest
reymond-group/mhfp,A probabilistic molecular fingerprint for big data settings.,10.1186/s13321-018-0321-8,cheminformatics,python,yes,installs,example_exit_1
rsait/ORdensity,ORdensity: user-friendly R package to identify differentially expressed genes.,10.1186/s12859-020-3463-4,bioinformatics-methods,r,yes,installs,example_exit_1
rudi2013/ZDOG,ZDOG: zooming in on dominating genes with mutations in cancer pathways.,10.1186/s12859-019-3326-z,bioinformatics-methods,python,no,N/A (not a package),no_install_manifest
sahildshah1/gene-surrounder,GeneSurrounder: network-based identification of disease genes in expression data.,10.1186/s12859-019-2829-y,bioinformatics-methods,r,yes,install-decay (fails),R_install_failed
semmelweis-pharmacology/ppi_pred,Efficient link prediction in the protein-protein interaction network using topological information in a generative adversarial network machine learning model.,10.1186/s12859-022-04598-x,bioinformatics-methods,python,yes,inconclusive (timeout/error),"command failed (exit 125): ['/usr/local/bin/docker', 'run', '-d', '--platform', "
sib-swiss/HAMAP-SPARQL,HAMAP as SPARQL rules-A portable annotation pipeline for genomes and proteomes.,10.1093/gigascience/giaa003,genomics,python,no,N/A (not a package),no_install_manifest
sjthursby/CandiMeth,CandiMeth: Powerful yet simple visualization and quantification of DNA methylation at candidate genes.,10.1093/gigascience/giaa066,genomics,python,no,N/A (not a package),no_install_manifest
slzarate/parliament2,Parliament2: Accurate structural variant calling at scale.,10.1093/gigascience/giaa145,genomics,python,no,N/A (not a package),no_install_manifest
smajidian/phaseme,PhaseME: Automatic rapid assessment of phasing quality and phasing improvement.,10.1093/gigascience/giaa078,genomics,python,no,N/A (not a package),no_install_manifest
soedinglab/hh-suite,HH-suite3 for fast remote homology detection and deep protein annotation.,10.1186/s12859-019-3019-7,bioinformatics-methods,python,no,N/A (not a package),no_install_manifest
sorgerlab/famplex,FamPlex: a resource for entity recognition and relationship resolution of human protein families and complexes in biomedical text mining.,10.1186/s12859-018-2211-5,bioinformatics-methods,python,yes,installs,imports_only
srp33/ShinyLearner,ShinyLearner: A containerized benchmarking tool for machine-learning classification of tabular data.,10.1093/gigascience/giaa026,genomics,python,no,N/A (not a package),no_install_manifest
stefan-hoeck/cyby2,"CyBy<sup>2</sup>: a strongly typed, purely functional framework for chemical data management.",10.1186/s13321-019-0403-2,cheminformatics,python,no,N/A (not a package),no_install_manifest
stefangraw/pwrEWAS,pwrEWAS: a user-friendly tool for comprehensive power estimation for epigenome wide association studies (EWAS).,10.1186/s12859-019-2804-7,bioinformatics-methods,r,yes,installs,imports_only
stjude/seaseq,SEAseq: a portable and cloud-based chromatin occupancy analysis suite.,10.1186/s12859-022-04588-z,bioinformatics-methods,python,no,N/A (not a package),no_install_manifest
stracquadaniolab/pygna,PyGNA: a unified framework for geneset network analysis.,10.1186/s12859-020-03801-1,bioinformatics-methods,python,yes,installs,imports_only
sxf296/drug_targeting,Drug perturbation gene set enrichment analysis (dpGSEA): a new transcriptomic drug screening approach.,10.1186/s12859-020-03929-0,bioinformatics-methods,python,no,N/A (not a package),no_install_manifest
syspremed/polyClustR,polyClustR: defining communities of reconciled cancer subtypes with biological and prognostic significance.,10.1186/s12859-018-2204-4,bioinformatics-methods,r,yes,installs,imports_only
taherimo/kludo,Assignment of structural domains in proteins using diffusion kernels on graphs.,10.1186/s12859-022-04902-9,bioinformatics-methods,python,no,N/A (not a package),no_install_manifest
tbwxmu/SAMPN,A self-attention based message passing neural network for predicting molecular lipophilicity and aqueous solubility.,10.1186/s13321-020-0414-z,cheminformatics,python,no,N/A (not a package),no_install_manifest
thecodingdoc/SwarmTCR,SwarmTCR: a computational approach to predict the specificity of T cell receptors.,10.1186/s12859-021-04335-w,bioinformatics-methods,python,no,N/A (not a package),no_install_manifest
ucrbioinfo/PGV,Reference-agnostic representation and visualization of pan-genomes.,10.1186/s12859-021-04424-w,bioinformatics-methods,python,yes,installs,imports_only
umr-ds/NOREC4DNA,NOREC4DNA: using near-optimal rateless erasure codes for DNA storage.,10.1186/s12859-021-04318-x,bioinformatics-methods,python,yes,install-decay (fails),pip_requirements_failed
unipept/FragGeneScanRs,FragGeneScanRs: faster gene prediction for short reads.,10.1186/s12859-022-04736-5,bioinformatics-methods,python,no,N/A (not a package),no_install_manifest
usegalaxy-eu/gpu-jupyterlab-docker,An accessible infrastructure for artificial intelligence using a Docker-based JupyterLab in Galaxy.,10.1093/gigascience/giad028,genomics,python,no,N/A (not a package),no_install_manifest
veronicaguerrini/LiME,Metagenomic analysis through the extended Burrows-Wheeler transform.,10.1186/s12859-020-03628-w,bioinformatics-methods,python,no,N/A (not a package),no_install_manifest
vetscience/Assemblosis,Common workflow language (CWL)-based software pipeline for de novo genome assembly from long- and short-read data.,10.1093/gigascience/giz014,genomics,python,no,N/A (not a package),no_install_manifest
vfscalfani/CSN_tutorial,Visualizing chemical space networks with RDKit and NetworkX.,10.1186/s13321-022-00664-x,cheminformatics,python,no,N/A (not a package),no_install_manifest
volkamerlab/TeachOpenCADD,TeachOpenCADD: a teaching platform for computer-aided drug design using open source packages and data.,10.1186/s13321-019-0351-x,cheminformatics,python,yes,installs,imports_only
vyacheslav-tsivina/signature-sj,Fast estimation of genetic relatedness between members of heterogeneous populations of closely related genomic variants.,10.1186/s12859-018-2333-9,bioinformatics-methods,python,no,N/A (not a package),no_install_manifest
william-denault/ffw,Detecting differentially methylated regions using a fast wavelet-based approach to functional association analysis.,10.1186/s12859-021-03979-y,bioinformatics-methods,r,yes,installs,imports_only
wzmao/RDb2C,Identification of residue pairing in interacting β-strands from a predicted residue contact map.,10.1186/s12859-018-2150-1,bioinformatics-methods,python,no,N/A (not a package),no_install_manifest
xryanglab/RiboMiner,RiboMiner: a toolset for mining multi-dimensional features of the translatome with ribosome profiling data.,10.1186/s12859-020-03670-8,bioinformatics-methods,python,yes,install-decay (fails),pip_install_failed
yannponty/RNARedPrint,Fixed-parameter tractable sampling for RNA design with multiple target structures.,10.1186/s12859-019-2784-7,bioinformatics-methods,python,no,N/A (not a package),no_install_manifest
yigbt/multiGSEA,multiGSEA: a GSEA-based pathway enrichment analysis for multi-omics data.,10.1186/s12859-020-03910-x,bioinformatics-methods,r,yes,installs,imports_only
yigbt/uap,uap: reproducible and robust HTS data analysis.,10.1186/s12859-019-3219-1,bioinformatics-methods,python,yes,install-decay (fails),pip_install_failed
yiwenstat/MCPCA_PopGen,A novel nonlinear dimension reduction approach to infer population structure for low-coverage sequencing data.,10.1186/s12859-021-04265-7,bioinformatics-methods,python,no,N/A (not a package),no_install_manifest
yoann-dufresne/SLIM,SLIM: a flexible web application for the reproducible processing of environmental DNA metabarcoding data.,10.1186/s12859-019-2663-2,bioinformatics-methods,python,no,N/A (not a package),no_install_manifest
yuhuei/rehunt,REHUNT: a reliable and open source package for restriction enzyme hunting.,10.1186/s12859-018-2168-4,bioinformatics-methods,python,no,N/A (not a package),no_install_manifest
yzqheart/scHaplotyper,scHaplotyper: haplotype construction and visualization for genetic diagnosis using single cell DNA sequencing data.,10.1186/s12859-020-3381-5,bioinformatics-methods,python,no,N/A (not a package),no_install_manifest
zenanz/ChemTables,ChemTables: a dataset for semantic classification on tables in chemical patents.,10.1186/s13321-021-00568-2,cheminformatics,python,no,N/A (not a package),no_install_manifest
zhxiaokang/RASflow,RASflow: an RNA-Seq analysis workflow with Snakemake.,10.1186/s12859-020-3433-x,bioinformatics-methods,python,no,N/A (not a package),no_install_manifest
zoccoler/metroid,METROID: an automated method for robust quantification of subcellular fluorescence events at low SNR.,10.1186/s12859-020-03661-9,bioinformatics-methods,python,yes,install-decay (fails),pip_requirements_failed
zy26/M3S,M3S: a comprehensive model selection for multi-modal single-cell RNA sequencing data.,10.1186/s12859-019-3243-1,bioinformatics-methods,r,yes,install-decay (fails),R_install_failed
