Model,Chain,Residue Index,Sequence,Binding site probability
0,A,346,L,0.016
0,A,347,S,0.033
0,A,348,E,0.025
0,A,349,Q,0.007
0,A,350,L,0.021
0,A,351,K,0.063
0,A,352,H,0.020
0,A,353,C,0.001
0,A,354,N,0.049
0,A,355,G,0.037
0,A,356,I,0.003
0,A,357,L,0.019
0,A,358,K,0.085
0,A,359,E,0.151
0,A,360,L,0.008
0,A,361,L,0.112
0,A,362,S,0.088
0,A,363,K,0.201
0,A,364,K,0.191
0,A,365,H,0.077
0,A,366,A,0.341
0,A,367,A,0.288
0,A,368,Y,0.210
0,A,369,A,0.012
0,A,370,W,0.357
0,A,371,P,0.271
0,A,372,F,0.032
0,A,373,Y,0.432
0,A,374,K,0.492
0,A,375,P,0.313
0,A,376,V,0.480
0,A,377,D,0.353
0,A,378,A,0.172
0,A,379,S,0.151
0,A,380,A,0.450
0,A,381,L,0.554
0,A,382,G,0.288
0,A,383,L,0.278
0,A,384,H,0.259
0,A,385,D,0.191
0,A,386,Y,0.179
0,A,387,H,0.187
0,A,388,D,0.122
0,A,389,I,0.178
0,A,390,I,0.031
0,A,391,K,0.144
0,A,392,H,0.180
0,A,393,P,0.113
0,A,394,M,0.106
0,A,395,D,0.109
0,A,396,L,0.038
0,A,397,S,0.128
0,A,398,T,0.082
0,A,399,V,0.013
0,A,400,K,0.128
0,A,401,R,0.130
0,A,402,K,0.052
0,A,403,M,0.028
0,A,404,E,0.067
0,A,405,N,0.086
0,A,406,R,0.104
0,A,407,D,0.077
0,A,408,Y,0.017
0,A,409,R,0.073
0,A,410,D,0.021
0,A,411,A,0.010
0,A,412,Q,0.024
0,A,413,E,0.064
0,A,414,F,0.003
0,A,415,A,0.013
0,A,416,A,0.138
0,A,417,D,0.058
0,A,418,V,0.006
0,A,419,R,0.191
0,A,420,L,0.107
0,A,421,M,0.017
0,A,422,F,0.049
0,A,423,S,0.127
0,A,424,N,0.089
0,A,425,C,0.006
0,A,426,Y,0.137
0,A,427,K,0.216
0,A,428,Y,0.120
0,A,429,N,0.195
0,A,430,P,0.144
0,A,431,P,0.128
0,A,432,D,0.134
0,A,433,H,0.439
0,A,434,D,0.236
0,A,435,V,0.108
0,A,436,V,0.095
0,A,437,A,0.153
0,A,438,M,0.241
0,A,439,A,0.005
0,A,440,R,0.210
0,A,441,K,0.324
0,A,442,L,0.010
0,A,443,Q,0.209
0,A,444,D,0.310
0,A,445,V,0.092
0,A,446,F,0.019
0,A,447,E,0.317
0,A,448,F,0.427
0,A,449,R,0.095
0,A,450,Y,0.040
0,A,451,A,0.320
0,A,452,K,0.370
0,A,453,M,0.011
0,A,454,P,0.016
