resid,resname,scannet_prob,in_top_pocket,contacted_by_diffdock,contacted_by_equibind
346,LEU,0.016,0,0,0
347,SER,0.033,0,0,0
348,GLU,0.025,0,0,0
349,GLN,0.007,0,0,0
350,LEU,0.021,0,0,0
351,LYS,0.063,0,0,0
352,HIS,0.02,0,0,0
353,CYS,0.001,0,0,0
354,ASN,0.049,0,0,0
355,GLY,0.037,0,0,0
356,ILE,0.003,0,0,0
357,LEU,0.019,0,0,0
358,LYS,0.085,0,0,0
359,GLU,0.151,0,0,0
360,LEU,0.008,0,0,0
361,LEU,0.112,0,0,0
362,SER,0.088,0,0,0
363,LYS,0.201,0,0,0
364,LYS,0.191,0,0,0
365,HIS,0.077,0,0,0
366,ALA,0.341,0,0,0
367,ALA,0.288,0,0,0
368,TYR,0.21,0,0,0
369,ALA,0.012,0,0,0
370,TRP,0.357,1,1,1
371,PRO,0.271,1,1,0
372,PHE,0.032,1,1,0
373,TYR,0.432,1,0,0
374,LYS,0.492,1,0,0
375,PRO,0.313,1,0,0
376,VAL,0.48,1,1,0
377,ASP,0.353,1,0,0
378,ALA,0.172,0,0,0
379,SER,0.151,0,0,0
380,ALA,0.45,1,0,0
381,LEU,0.554,1,1,1
382,GLY,0.288,0,0,0
383,LEU,0.278,1,1,1
384,HIS,0.259,0,0,0
385,ASP,0.191,0,0,0
386,TYR,0.179,1,0,1
387,HIS,0.187,0,0,0
388,ASP,0.122,0,0,0
389,ILE,0.178,0,0,0
390,ILE,0.031,0,0,0
391,LYS,0.144,0,0,0
392,HIS,0.18,0,0,0
393,PRO,0.113,0,0,0
394,MET,0.106,1,0,0
395,ASP,0.109,1,0,0
396,LEU,0.038,0,0,0
397,SER,0.128,0,0,0
398,THR,0.082,0,0,0
399,VAL,0.013,0,0,0
400,LYS,0.128,0,0,0
401,ARG,0.13,0,0,0
402,LYS,0.052,0,0,0
403,MET,0.028,0,0,0
404,GLU,0.067,0,0,0
405,ASN,0.086,0,0,0
406,ARG,0.104,0,0,0
407,ASP,0.077,0,0,0
408,TYR,0.017,0,0,0
409,ARG,0.073,0,0,0
410,ASP,0.021,0,0,0
411,ALA,0.01,0,0,0
412,GLN,0.024,0,0,0
413,GLU,0.064,0,0,0
414,PHE,0.003,0,0,0
415,ALA,0.013,0,0,0
416,ALA,0.138,0,0,0
417,ASP,0.058,0,0,0
418,VAL,0.006,0,0,0
419,ARG,0.191,0,0,0
420,LEU,0.107,0,0,0
421,MET,0.017,1,0,0
422,PHE,0.049,0,0,0
423,SER,0.127,0,0,0
424,ASN,0.089,1,0,0
425,CYS,0.006,1,1,1
426,TYR,0.137,0,0,0
427,LYS,0.216,0,0,0
428,TYR,0.12,1,0,1
429,ASN,0.195,1,1,1
430,PRO,0.144,0,0,0
431,PRO,0.128,0,0,0
432,ASP,0.134,0,0,0
433,HIS,0.439,1,1,0
434,ASP,0.236,0,0,0
435,VAL,0.108,1,1,1
436,VAL,0.095,0,0,0
437,ALA,0.153,0,0,0
438,MET,0.241,0,1,0
439,ALA,0.005,0,0,0
440,ARG,0.21,0,0,0
441,LYS,0.324,0,0,0
442,LEU,0.01,0,0,0
443,GLN,0.209,0,0,0
444,ASP,0.31,0,0,0
445,VAL,0.092,0,0,0
446,PHE,0.019,0,0,0
447,GLU,0.317,0,0,0
448,PHE,0.427,0,0,0
449,ARG,0.095,0,0,0
450,TYR,0.04,0,0,0
451,ALA,0.32,0,0,0
452,LYS,0.37,0,0,0
453,MET,0.011,0,0,0
454,PRO,0.016,0,0,0
